,Country Name,Year,Population,Drug use disorders (%),Government Monetary Support,Government Non-Monetary Support
0,Afghanistan,2010,28189672,2.571349,No,No
1,Albania,2010,2913021,0.50027,No,No
2,Andorra,2010,71519,0.90163,Yes,Yes
3,United Arab Emirates,2010,8481771,3.059998,Yes,Yes
4,Australia,2010,22031750,1.993151,Yes,Yes
5,Austria,2010,8363404,0.913643,Yes,Yes
6,Azerbaijan,2010,9054332,0.465737,No,No
7,Burundi,2010,9126605,0.491519,No,No
8,Belgium,2010,10895586,0.818987,Yes,Yes
9,Benin,2010,9445710,0.489122,No,No
10,Burkina Faso,2010,16116845,0.422246,No,No
11,Bangladesh,2010,148391139,0.500254,No,No
12,Bahrain,2010,1213645,1.730999,No,No
13,Bosnia and Herzegovina,2010,3811088,0.430902,Yes,Yes
14,Belize,2010,322106,0.830888,No,No
15,Brazil,2010,196353492,1.032367,Yes,Yes
16,Barbados,2010,274711,0.848332,No,No
17,Bhutan,2010,705516,0.518024,No,Yes
18,Botswana,2010,2091664,0.728794,No,No
19,Central African Republic,2010,4660067,0.509492,No,No
20,Canada,2010,34005902,2.19518,Yes,Yes
21,Switzerland,2010,7824909,1.027705,Yes,No
22,Chile,2010,17004162,1.178621,Yes,No
23,China,2010,1337705000,1.034345,Yes,Yes
24,Cote d'Ivoire,2010,21120042,0.503559,No,No
25,Colombia,2010,44816108,1.110995,No,No
26,Comoros,2010,656024,0.491171,No,No
27,Costa Rica,2010,4622252,0.755353,No,No
28,Cuba,2010,11290417,0.761991,Yes,Yes
29,Cyprus,2010,1129686,0.556004,Yes,Yes
30,Germany,2010,81776930,0.902898,Yes,Yes
31,Djibouti,2010,919199,0.512622,No,No
32,Denmark,2010,5547683,0.849496,Yes,Yes
33,Dominican Republic,2010,9775755,0.639128,No,No
34,Algeria,2010,35856344,1.670579,No,No
35,Ecuador,2010,14989585,0.66498,No,No
36,Spain,2010,46576897,1.40864,Yes,Yes
37,Ethiopia,2010,89237791,0.481942,No,No
38,Finland,2010,5363352,0.877082,Yes,Yes
39,Fiji,2010,905169,0.744437,No,No
40,France,2010,65030575,1.22055,Yes,Yes
41,Gabon,2010,1711105,0.57358,No,No
42,Georgia,2010,3786695,0.464117,No,No
43,Ghana,2010,25574719,0.597606,No,No
44,Greece,2010,11121341,0.524963,Yes,Yes
45,Grenada,2010,114039,0.770117,No,No
46,Guyana,2010,747932,0.71009,Yes,Yes
47,Honduras,2010,8450933,0.683614,No,No
48,Croatia,2010,4295427,0.761192,Yes,Yes
49,Haiti,2010,9842880,0.614894,No,No
50,Hungary,2010,10000023,0.722923,Yes,No
51,Indonesia,2010,244016173,0.565929,No,No
52,India,2010,1240613620,0.500607,No,Yes
53,Ireland,2010,4560155,1.065024,Yes,Yes
54,Iraq,2010,31264875,1.7559,No,No
55,Iceland,2010,318041,0.681568,Yes,Yes
56,Israel,2010,7623600,0.679954,Yes,Yes
57,Italy,2010,59277417,1.354996,No,Yes
58,Jamaica,2010,2733896,0.950676,No,No
59,Jordan,2010,6931258,1.526065,Yes,No
60,Japan,2010,128070000,0.880012,Yes,No
61,Kazakhstan,2010,16321872,0.656471,Yes,No
62,Kenya,2010,41517895,0.474265,No,No
63,Cambodia,2010,14363532,0.549845,No,No
64,Kiribati,2010,107995,0.71083,No,No
65,Kuwait,2010,2943356,1.574598,Yes,No
66,Lebanon,2010,4995800,2.059243,No,No
67,Libya,2010,6491988,2.485196,No,No
68,Sri Lanka,2010,20668557,0.663689,No,No
69,Lithuania,2010,3097282,0.57579,Yes,Yes
70,Latvia,2010,2097555,1.022017,No,No
71,Morocco,2010,32464865,1.560392,No,Yes
72,Madagascar,2010,21731053,0.490689,No,No
73,Mexico,2010,112532401,0.778611,Yes,No
74,Mali,2010,15529181,0.428105,No,No
75,Malta,2010,414508,0.872387,Yes,No
76,Montenegro,2010,619428,0.623711,No,No
77,Mozambique,2010,23073723,0.512253,No,No
78,Mauritania,2010,3419461,0.485518,No,No
79,Mauritius,2010,1250400,0.697701,No,No
80,Malawi,2010,14718422,0.49765,No,Yes
81,Namibia,2010,2099271,0.759737,No,No
82,Nigeria,2010,160952853,0.449761,No,No
83,Norway,2010,4889252,0.905088,Yes,Yes
84,Nepal,2010,27161567,0.491607,No,No
85,New Zealand,2010,4350700,2.03794,Yes,Yes
86,Oman,2010,2881914,1.539558,Yes,No
87,Pakistan,2010,194454498,0.683896,No,No
88,Panama,2010,3623617,0.708912,No,No
89,Peru,2010,29229572,0.591761,No,No
90,Philippines,2010,94636700,0.628205,Yes,No
91,Papua New Guinea,2010,7583269,0.721799,No,No
92,Poland,2010,38042794,0.815272,Yes,Yes
93,Portugal,2010,10573100,0.669327,Yes,Yes
94,Paraguay,2010,5768613,0.532229,No,No
95,Qatar,2010,1713504,1.887668,Yes,Yes
96,Romania,2010,20246871,0.44804,No,No
97,Rwanda,2010,10309031,0.596599,Yes,Yes
98,Saudi Arabia,2010,29411929,1.573336,Yes,Yes
99,Sudan,2010,33739933,1.328061,No,No
100,Senegal,2010,12530121,0.464177,No,No
101,Singapore,2010,5076732,0.905922,Yes,Yes
102,Solomon Islands,2010,540394,0.682831,No,No
103,Sierra Leone,2010,6436698,0.475422,No,No
104,Serbia,2010,7291436,0.454886,Yes,Yes
105,Suriname,2010,546080,0.681531,No,No
106,Slovenia,2010,2048583,0.912127,Yes,Yes
107,Sweden,2010,9378126,0.622179,Yes,Yes
108,Seychelles,2010,89770,0.780717,Yes,No
109,Chad,2010,11894727,0.438422,No,No
110,Togo,2010,6571855,0.462096,No,No
111,Thailand,2010,68270489,0.789129,No,Yes
112,Tajikistan,2010,7621779,0.454217,Yes,Yes
113,Trinidad and Tobago,2010,1410296,0.721305,Yes,Yes
114,Tunisia,2010,10895063,1.623613,No,No
115,Uganda,2010,32341728,0.533858,No,No
116,Ukraine,2010,45870741,0.665714,No,No
117,Uruguay,2010,3352651,0.950791,No,Yes
118,Uzbekistan,2010,28562400,0.466939,No,Yes
119,Vanuatu,2010,245453,0.673466,No,No
120,Zambia,2010,13792086,0.495711,No,No
121,Zimbabwe,2010,12839771,0.756577,No,No
122,Afghanistan,2011,29249157,2.57317,No,No
123,Albania,2011,2905195,0.502703,No,No
124,Andorra,2011,70567,0.898473,Yes,Yes
125,United Arab Emirates,2011,8575205,3.055161,Yes,Yes
126,Australia,2011,22340024,2.007703,Yes,Yes
127,Austria,2011,8391643,0.913811,Yes,Yes
128,Azerbaijan,2011,9173082,0.469027,No,No
129,Burundi,2011,9455733,0.491492,No,No
130,Belgium,2011,11038264,0.817703,Yes,Yes
131,Benin,2011,9726380,0.491156,No,No
132,Burkina Faso,2011,16602651,0.424025,No,No
133,Bangladesh,2011,150211005,0.500641,No,No
134,Bahrain,2011,1212077,1.730687,No,No
135,Bosnia and Herzegovina,2011,3743142,0.43185,Yes,Yes
136,Belize,2011,329538,0.829926,No,No
137,Brazil,2011,198185302,1.036564,Yes,Yes
138,Barbados,2011,275486,0.846158,No,No
139,Bhutan,2011,713331,0.520409,No,Yes
140,Botswana,2011,2134037,0.732928,No,No
141,Central African Republic,2011,4732022,0.510144,No,No
142,Canada,2011,34339221,2.188105,Yes,Yes
143,Switzerland,2011,7912398,1.021057,Yes,No
144,Chile,2011,17173573,1.191403,Yes,No
145,China,2011,1345035000,1.037749,Yes,Yes
146,Cote d'Ivoire,2011,21562914,0.503164,No,No
147,Colombia,2011,45308899,1.110854,No,No
148,Comoros,2011,670071,0.492759,No,No
149,Costa Rica,2011,4679926,0.75804,No,No
150,Cuba,2011,11298710,0.762393,Yes,Yes
151,Cyprus,2011,1145086,0.556325,Yes,Yes
152,Germany,2011,80274983,0.90355,Yes,Yes
153,Djibouti,2011,936811,0.513341,No,No
154,Denmark,2011,5570572,0.85307,Yes,Yes
155,Dominican Republic,2011,9903737,0.641676,No,No
156,Algeria,2011,36543541,1.6791,No,No
157,Ecuador,2011,15237728,0.666404,No,No
158,Spain,2011,46742697,1.412485,Yes,Yes
159,Ethiopia,2011,91817929,0.483421,No,No
160,Finland,2011,5388272,0.886242,Yes,Yes
161,Fiji,2011,908355,0.746078,No,No
162,France,2011,65345233,1.221963,Yes,Yes
163,Gabon,2011,1772500,0.571837,No,No
164,Georgia,2011,3756441,0.466871,No,No
165,Ghana,2011,26205941,0.600392,No,No
166,Greece,2011,11104899,0.528951,Yes,Yes
167,Grenada,2011,114918,0.771112,No,No
168,Guyana,2011,744230,0.710751,Yes,Yes
169,Honduras,2011,8622504,0.684215,No,No
170,Croatia,2011,4280622,0.758237,Yes,Yes
171,Haiti,2011,9954312,0.61587,No,No
172,Hungary,2011,9971727,0.724695,Yes,No
173,Indonesia,2011,247099697,0.56906,No,No
174,India,2011,1257621191,0.503234,No,Yes
175,Ireland,2011,4580084,1.062048,Yes,Yes
176,Iraq,2011,32378061,1.751559,No,No
177,Iceland,2011,319014,0.681506,Yes,Yes
178,Israel,2011,7765800,0.683791,Yes,Yes
179,Italy,2011,59379449,1.335062,No,Yes
180,Jamaica,2011,2746169,0.95172,No,No
181,Jordan,2011,7109980,1.541801,Yes,No
182,Japan,2011,127833000,0.884494,Yes,No
183,Kazakhstan,2011,16557202,0.655303,Yes,No
184,Kenya,2011,42635144,0.476042,No,No
185,Cambodia,2011,14573885,0.551556,No,No
186,Kiribati,2011,109871,0.711923,No,No
187,Kuwait,2011,3143825,1.580541,Yes,No
188,Lebanon,2011,5045056,2.084821,No,No
189,Libya,2011,6188132,2.505706,No,No
190,Sri Lanka,2011,20859743,0.663985,No,No
191,Lithuania,2011,3028115,0.57735,Yes,Yes
192,Latvia,2011,2059709,1.025066,No,No
193,Morocco,2011,32903699,1.573678,No,Yes
194,Madagascar,2011,22348158,0.491319,No,No
195,Mexico,2011,114150481,0.782066,Yes,No
196,Mali,2011,16039734,0.428977,No,No
197,Malta,2011,416268,0.873085,Yes,No
198,Montenegro,2011,620079,0.621542,No,No
199,Mozambique,2011,23760421,0.513848,No,No
200,Mauritania,2011,3524249,0.486729,No,No
201,Mauritius,2011,1252404,0.700324,No,No
202,Malawi,2011,15146094,0.498343,No,Yes
203,Namibia,2011,2132340,0.763104,No,No
204,Nigeria,2011,165463745,0.450991,No,No
205,Norway,2011,4953088,0.894844,Yes,Yes
206,Nepal,2011,27266399,0.492166,No,No
207,New Zealand,2011,4384000,2.035388,Yes,Yes
208,Oman,2011,3206870,1.602081,Yes,No
209,Pakistan,2011,198602738,0.68304,No,No
210,Panama,2011,3688674,0.710918,No,No
211,Peru,2011,29477721,0.591347,No,No
212,Philippines,2011,96337913,0.631187,Yes,No
213,Papua New Guinea,2011,7806637,0.723189,No,No
214,Poland,2011,38063255,0.811592,Yes,Yes
215,Portugal,2011,10557560,0.671262,Yes,Yes
216,Paraguay,2011,5843939,0.532834,No,No
217,Qatar,2011,1804171,1.919078,Yes,Yes
218,Romania,2011,20147528,0.448903,No,No
219,Rwanda,2011,10576932,0.597789,Yes,Yes
220,Saudi Arabia,2011,30150945,1.598251,Yes,Yes
221,Sudan,2011,34419624,1.341314,No,No
222,Senegal,2011,12875880,0.465211,No,No
223,Singapore,2011,5183688,0.90722,Yes,Yes
224,Solomon Islands,2011,553721,0.684438,No,No
225,Sierra Leone,2011,6612385,0.477267,No,No
226,Serbia,2011,7234099,0.45417,Yes,Yes
227,Suriname,2011,552146,0.682244,No,No
228,Slovenia,2011,2052843,0.912003,Yes,Yes
229,Sweden,2011,9449213,0.626063,Yes,Yes
230,Seychelles,2011,87441,0.780704,Yes,No
231,Chad,2011,12317730,0.439667,No,No
232,Togo,2011,6748672,0.463777,No,No
233,Thailand,2011,68712846,0.789643,No,Yes
234,Tajikistan,2011,7784819,0.456644,Yes,Yes
235,Trinidad and Tobago,2011,1420020,0.721692,Yes,Yes
236,Tunisia,2011,11032528,1.638566,No,No
237,Uganda,2011,33295738,0.534543,No,No
238,Ukraine,2011,45706086,0.670634,No,No
239,Uruguay,2011,3361637,0.950217,No,Yes
240,Uzbekistan,2011,29339400,0.469431,No,Yes
241,Vanuatu,2011,251294,0.674456,No,No
242,Zambia,2011,14265814,0.497116,No,No
243,Zimbabwe,2011,13025785,0.760148,No,No
244,Afghanistan,2012,30466479,2.576189,No,No
245,Albania,2012,2900401,0.505621,No,No
246,Andorra,2012,71013,0.900336,Yes,Yes
247,United Arab Emirates,2012,8664969,3.046003,Yes,Yes
248,Australia,2012,22733465,2.032422,Yes,Yes
249,Austria,2012,8429991,0.914498,Yes,Yes
250,Azerbaijan,2012,9295784,0.471842,No,No
251,Burundi,2012,9795479,0.492885,No,No
252,Belgium,2012,11106932,0.817808,Yes,Yes
253,Benin,2012,10014078,0.493308,No,No
254,Burkina Faso,2012,17113732,0.426375,No,No
255,Bangladesh,2012,152090649,0.502253,No,No
256,Bahrain,2012,1224939,1.725173,No,No
257,Bosnia and Herzegovina,2012,3674374,0.432706,Yes,Yes
258,Belize,2012,337059,0.829463,No,No
259,Brazil,2012,199977707,1.0406,Yes,Yes
260,Barbados,2012,276197,0.844594,No,No
261,Bhutan,2012,721145,0.523479,No,Yes
262,Botswana,2012,2175425,0.737394,No,No
263,Central African Republic,2012,4773306,0.510576,No,No
264,Canada,2012,34713395,2.187286,Yes,Yes
265,Switzerland,2012,7996861,1.015777,Yes,No
266,Chile,2012,17341771,1.202907,Yes,No
267,China,2012,1354190000,1.044064,Yes,Yes
268,Cote d'Ivoire,2012,22010712,0.50357,No,No
269,Colombia,2012,45782417,1.11095,No,No
270,Comoros,2012,684553,0.494399,No,No
271,Costa Rica,2012,4736593,0.7607,No,No
272,Cuba,2012,11309290,0.76418,Yes,Yes
273,Cyprus,2012,1156556,0.55777,Yes,Yes
274,Germany,2012,80425823,0.902418,Yes,Yes
275,Djibouti,2012,954297,0.515127,No,No
276,Denmark,2012,5591572,0.857337,Yes,Yes
277,Dominican Republic,2012,10030882,0.645102,No,No
278,Algeria,2012,37260563,1.687763,No,No
279,Ecuador,2012,15483883,0.667943,No,No
280,Spain,2012,46773055,1.417659,Yes,Yes
281,Ethiopia,2012,94451280,0.485308,No,No
282,Finland,2012,5413971,0.895593,Yes,Yes
283,Fiji,2012,911059,0.747515,No,No
284,France,2012,65662240,1.221356,Yes,Yes
285,Gabon,2012,1836705,0.571513,No,No
286,Georgia,2012,3728874,0.47082,No,No
287,Ghana,2012,26858762,0.604007,No,No
288,Greece,2012,11045011,0.533145,Yes,Yes
289,Grenada,2012,115912,0.771557,No,No
290,Guyana,2012,743966,0.712392,Yes,Yes
291,Honduras,2012,8792367,0.686766,No,No
292,Croatia,2012,4267558,0.753904,Yes,Yes
293,Haiti,2012,10108539,0.619544,No,No
294,Hungary,2012,9920362,0.725252,Yes,No
295,Indonesia,2012,250222695,0.572218,No,No
296,India,2012,1274487215,0.506062,No,Yes
297,Ireland,2012,4599533,1.057665,Yes,Yes
298,Iraq,2012,33864447,1.738102,No,No
299,Iceland,2012,320716,0.684521,Yes,Yes
300,Israel,2012,7910500,0.688269,Yes,Yes
301,Italy,2012,59539717,1.310311,No,Yes
302,Jamaica,2012,2759817,0.952109,No,No
303,Jordan,2012,7211863,1.558184,Yes,No
304,Japan,2012,127629000,0.889503,Yes,No
305,Kazakhstan,2012,16792090,0.651736,Yes,No
306,Kenya,2012,43725806,0.477915,No,No
307,Cambodia,2012,14786640,0.555019,No,No
308,Kiribati,2012,111618,0.713237,No,No
309,Kuwait,2012,3394663,1.585977,Yes,No
310,Lebanon,2012,5178337,2.110361,No,No
311,Libya,2012,5869870,2.52474,No,No
312,Sri Lanka,2012,21017147,0.6636,No,No
313,Lithuania,2012,2987773,0.582031,Yes,Yes
314,Latvia,2012,2034319,1.027701,No,No
315,Morocco,2012,33352169,1.587962,No,Yes
316,Madagascar,2012,22966240,0.491774,No,No
317,Mexico,2012,115755909,0.786147,Yes,No
318,Mali,2012,16514687,0.431626,No,No
319,Malta,2012,420028,0.873326,Yes,No
320,Montenegro,2012,620601,0.618891,No,No
321,Mozambique,2012,24487611,0.514968,No,No
322,Mauritania,2012,3636113,0.48828,No,No
323,Mauritius,2012,1255882,0.703263,No,No
324,Malawi,2012,15581251,0.499592,No,Yes
325,Namibia,2012,2167470,0.765714,No,No
326,Nigeria,2012,170075932,0.451958,No,No
327,Norway,2012,5018573,0.883671,Yes,Yes
328,Nepal,2012,27330694,0.493338,No,No
329,New Zealand,2012,4408100,2.034724,Yes,Yes
330,Oman,2012,3535579,1.664668,Yes,No
331,Pakistan,2012,202205861,0.681412,No,No
332,Panama,2012,3754862,0.713178,No,No
333,Peru,2012,29749589,0.59021,No,No
334,Philippines,2012,98032317,0.632605,Yes,No
335,Papua New Guinea,2012,8026545,0.725922,No,No
336,Poland,2012,38063164,0.808365,Yes,Yes
337,Portugal,2012,10514844,0.673695,Yes,Yes
338,Paraguay,2012,5923322,0.533757,No,No
339,Qatar,2012,1905660,1.941896,Yes,Yes
340,Romania,2012,20058035,0.450247,No,No
341,Rwanda,2012,10840334,0.597997,Yes,Yes
342,Saudi Arabia,2012,30821543,1.621452,Yes,Yes
343,Sudan,2012,35159792,1.355269,No,No
344,Senegal,2012,13231833,0.466206,No,No
345,Singapore,2012,5312437,0.908718,Yes,Yes
346,Solomon Islands,2012,567763,0.686739,No,No
347,Sierra Leone,2012,6788587,0.479351,No,No
348,Serbia,2012,7199077,0.452949,Yes,Yes
349,Suriname,2012,558111,0.684119,No,No
350,Slovenia,2012,2057159,0.911962,Yes,Yes
351,Sweden,2012,9519374,0.634301,Yes,Yes
352,Seychelles,2012,88303,0.781728,Yes,No
353,Chad,2012,12754906,0.442021,No,No
354,Togo,2012,6926635,0.466879,No,No
355,Thailand,2012,69157023,0.791562,No,Yes
356,Tajikistan,2012,7956382,0.459245,Yes,Yes
357,Trinidad and Tobago,2012,1430377,0.723219,Yes,Yes
358,Tunisia,2012,11174383,1.652243,No,No
359,Uganda,2012,34273295,0.534956,No,No
360,Ukraine,2012,45593342,0.677111,No,No
361,Uruguay,2012,3371133,0.948192,No,Yes
362,Uzbekistan,2012,29774500,0.47139,No,Yes
363,Vanuatu,2012,257313,0.677569,No,No
364,Zambia,2012,14744658,0.498005,No,No
365,Zimbabwe,2012,13265331,0.763839,No,No
366,Afghanistan,2013,31541209,2.572396,No,No
367,Albania,2013,2895092,0.508049,No,No
368,Andorra,2013,71367,0.900576,Yes,Yes
369,United Arab Emirates,2013,8751847,3.035245,Yes,Yes
370,Australia,2013,23128129,2.068835,Yes,Yes
371,Austria,2013,8479823,0.914287,Yes,Yes
372,Azerbaijan,2013,9416801,0.475547,No,No
373,Burundi,2013,10149577,0.493837,No,No
374,Belgium,2013,11159407,0.818149,Yes,Yes
375,Benin,2013,10308730,0.494931,No,No
376,Burkina Faso,2013,17636408,0.429225,No,No
377,Bangladesh,2013,154030139,0.504135,No,No
378,Bahrain,2013,1261673,1.720106,No,No
379,Bosnia and Herzegovina,2013,3617559,0.433727,Yes,Yes
380,Belize,2013,344688,0.82949,No,No
381,Brazil,2013,201721767,1.045119,Yes,Yes
382,Barbados,2013,276865,0.844062,No,No
383,Bhutan,2013,728889,0.526438,No,Yes
384,Botswana,2013,2217278,0.741731,No,No
385,Central African Republic,2013,4802428,0.511024,No,No
386,Canada,2013,35080992,2.19462,Yes,Yes
387,Switzerland,2013,8089346,1.011389,Yes,No
388,Chile,2013,17509925,1.215019,Yes,No
389,China,2013,1363240000,1.052718,Yes,Yes
390,Cote d'Ivoire,2013,22469268,0.503413,No,No
391,Colombia,2013,46237930,1.110399,No,No
392,Comoros,2013,699393,0.496101,No,No
393,Costa Rica,2013,4791535,0.764173,No,No
394,Cuba,2013,11321579,0.766544,Yes,Yes
395,Cyprus,2013,1166968,0.560958,Yes,Yes
396,Germany,2013,80645605,0.899359,Yes,Yes
397,Djibouti,2013,971753,0.51645,No,No
398,Denmark,2013,5614932,0.863583,Yes,Yes
399,Dominican Republic,2013,10157051,0.650651,No,No
400,Algeria,2013,38000626,1.696613,No,No
401,Ecuador,2013,15722989,0.668269,No,No
402,Spain,2013,46620045,1.42612,Yes,Yes
403,Ethiopia,2013,97084366,0.487268,No,No
404,Finland,2013,5438972,0.905664,Yes,Yes
405,Fiji,2013,913453,0.748702,No,No
406,France,2013,66002289,1.218236,Yes,Yes
407,Gabon,2013,1902226,0.570604,No,No
408,Georgia,2013,3717668,0.474956,No,No
409,Ghana,2013,27525597,0.607083,No,No
410,Greece,2013,10965211,0.53723,Yes,Yes
411,Grenada,2013,116945,0.771935,No,No
412,Guyana,2013,747420,0.714233,Yes,Yes
413,Honduras,2013,8960657,0.689584,No,No
414,Croatia,2013,4255689,0.748641,Yes,Yes
415,Haiti,2013,10261206,0.622701,No,No
416,Hungary,2013,9893082,0.724376,Yes,No
417,Indonesia,2013,253275918,0.575353,No,No
418,India,2013,1291132063,0.509329,No,Yes
419,Ireland,2013,4623816,1.055558,Yes,Yes
420,Iraq,2013,35481800,1.718023,No,No
421,Iceland,2013,323764,0.689168,Yes,Yes
422,Israel,2013,8059500,0.692602,Yes,Yes
423,Italy,2013,60233948,1.282892,No,Yes
424,Jamaica,2013,2773129,0.953076,No,No
425,Jordan,2013,7694814,1.573986,Yes,No
426,Japan,2013,127445000,0.894621,Yes,No
427,Kazakhstan,2013,17035551,0.645576,Yes,No
428,Kenya,2013,44792368,0.479671,No,No
429,Cambodia,2013,14999683,0.558189,No,No
430,Kiribati,2013,113311,0.71445,No,No
431,Kuwait,2013,3646518,1.592436,Yes,No
432,Lebanon,2013,5678851,2.137945,No,No
433,Libya,2013,5985221,2.546366,No,No
434,Sri Lanka,2013,21131756,0.664112,No,No
435,Lithuania,2013,2957689,0.589413,Yes,Yes
436,Latvia,2013,2012647,1.030496,No,No
437,Morocco,2013,33803527,1.601102,No,Yes
438,Madagascar,2013,23588073,0.492535,No,No
439,Mexico,2013,117290686,0.791268,Yes,No
440,Mali,2013,17004033,0.433597,No,No
441,Malta,2013,425967,0.873497,Yes,No
442,Montenegro,2013,621207,0.615684,No,No
443,Mozambique,2013,25251731,0.517469,No,No
444,Mauritania,2013,3742959,0.490322,No,No
445,Mauritius,2013,1258927,0.70622,No,No
446,Malawi,2013,16024775,0.501255,No,Yes
447,Namibia,2013,2204510,0.768439,No,No
448,Nigeria,2013,174726123,0.452775,No,No
449,Norway,2013,5079623,0.872003,Yes,Yes
450,Nepal,2013,27381555,0.494306,No,No
451,New Zealand,2013,4442100,2.036344,Yes,Yes
452,Oman,2013,3816680,1.687397,Yes,No
453,Pakistan,2013,205337562,0.678546,No,No
454,Panama,2013,3821556,0.715977,No,No
455,Peru,2013,30038809,0.588466,No,No
456,Philippines,2013,99700107,0.635704,Yes,No
457,Papua New Guinea,2013,8245627,0.727857,No,No
458,Poland,2013,38040196,0.804833,Yes,Yes
459,Portugal,2013,10457295,0.67753,Yes,Yes
460,Paraguay,2013,6005652,0.533491,No,No
461,Qatar,2013,2035501,1.963383,Yes,Yes
462,Romania,2013,19983693,0.451057,No,No
463,Rwanda,2013,11101350,0.596626,Yes,Yes
464,Saudi Arabia,2013,31482498,1.643938,Yes,Yes
465,Sudan,2013,35990704,1.368354,No,No
466,Senegal,2013,13595566,0.467184,No,No
467,Singapore,2013,5399162,0.90987,Yes,Yes
468,Solomon Islands,2013,582365,0.688474,No,No
469,Sierra Leone,2013,6964859,0.482226,No,No
470,Serbia,2013,7164132,0.452227,Yes,Yes
471,Suriname,2013,563947,0.68571,No,No
472,Slovenia,2013,2059953,0.911443,Yes,Yes
473,Sweden,2013,9600379,0.647249,Yes,Yes
474,Seychelles,2013,89949,0.782814,Yes,No
475,Chad,2013,13216766,0.444521,No,No
476,Togo,2013,7106229,0.470096,No,No
477,Thailand,2013,69578602,0.795457,No,Yes
478,Tajikistan,2013,8136610,0.461736,Yes,Yes
479,Trinidad and Tobago,2013,1440729,0.724924,Yes,Yes
480,Tunisia,2013,11300284,1.665845,No,No
481,Uganda,2013,35273570,0.536157,No,No
482,Ukraine,2013,45489648,0.682512,No,No
483,Uruguay,2013,3381180,0.946046,No,Yes
484,Uzbekistan,2013,30243200,0.473641,No,Yes
485,Vanuatu,2013,263534,0.679985,No,No
486,Zambia,2013,15234976,0.4998,No,No
487,Zimbabwe,2013,13555422,0.76628,No,No
488,Afghanistan,2014,32716210,2.562885,No,No
489,Albania,2014,2889104,0.510089,No,No
490,Andorra,2014,71621,0.903323,Yes,Yes
491,United Arab Emirates,2014,8835951,3.014051,Yes,Yes
492,Australia,2014,23475686,2.114377,Yes,Yes
493,Austria,2014,8546356,0.912597,Yes,Yes
494,Azerbaijan,2014,9535079,0.478853,No,No
495,Burundi,2014,10494913,0.49484,No,No
496,Belgium,2014,11209057,0.817974,Yes,Yes
497,Benin,2014,10614844,0.497412,No,No
498,Burkina Faso,2014,18169842,0.432363,No,No
499,Bangladesh,2014,155961299,0.50545,No,No
500,Bahrain,2014,1311134,1.716409,No,No
501,Bosnia and Herzegovina,2014,3571068,0.433846,Yes,Yes
502,Belize,2014,352335,0.83082,No,No
503,Brazil,2014,203459650,1.049781,Yes,Yes
504,Barbados,2014,277493,0.842887,No,No
505,Bhutan,2014,736357,0.52812,No,Yes
506,Botswana,2014,2260376,0.74584,No,No
507,Central African Republic,2014,4798734,0.512066,No,No
508,Canada,2014,35434066,2.207245,Yes,Yes
509,Switzerland,2014,8188649,1.008266,Yes,No
510,Chile,2014,17687108,1.226406,Yes,No
511,China,2014,1371860000,1.064056,Yes,Yes
512,Cote d'Ivoire,2014,22995555,0.503608,No,No
513,Colombia,2014,46677947,1.105643,No,No
514,Comoros,2014,714612,0.497575,No,No
515,Costa Rica,2014,4844288,0.76724,No,No
516,Cuba,2014,11332026,0.76921,Yes,Yes
517,Cyprus,2014,1176995,0.564165,Yes,Yes
518,Germany,2014,80982500,0.896422,Yes,Yes
519,Djibouti,2014,989087,0.518586,No,No
520,Denmark,2014,5643475,0.869327,Yes,Yes
521,Dominican Republic,2014,10282115,0.657502,No,No
522,Algeria,2014,38760168,1.703742,No,No
523,Ecuador,2014,15957994,0.668814,No,No
524,Spain,2014,46480882,1.43511,Yes,Yes
525,Ethiopia,2014,99746766,0.489747,No,No
526,Finland,2014,5461512,0.916403,Yes,Yes
527,Fiji,2014,915560,0.751021,No,No
528,France,2014,66312067,1.213052,Yes,Yes
529,Gabon,2014,1966855,0.570362,No,No
530,Georgia,2014,3719414,0.478933,No,No
531,Ghana,2014,28196358,0.611094,No,No
532,Greece,2014,10892413,0.541156,Yes,Yes
533,Grenada,2014,117972,0.772086,No,No
534,Guyana,2014,751115,0.71681,Yes,Yes
535,Honduras,2014,9127846,0.692461,No,No
536,Croatia,2014,4238389,0.741257,Yes,Yes
537,Haiti,2014,10412740,0.62742,No,No
538,Hungary,2014,9866468,0.721496,Yes,No
539,Indonesia,2014,256229761,0.578526,No,No
540,India,2014,1307246509,0.513028,No,Yes
541,Ireland,2014,4657740,1.055843,Yes,Yes
542,Iraq,2014,36746488,1.689909,No,No
543,Iceland,2014,327386,0.695549,Yes,Yes
544,Israel,2014,8215700,0.698462,Yes,Yes
545,Italy,2014,60789140,1.252637,No,Yes
546,Jamaica,2014,2784543,0.951748,No,No
547,Jordan,2014,8658026,1.588472,Yes,No
548,Japan,2014,127276000,0.900339,Yes,No
549,Kazakhstan,2014,17288285,0.638425,Yes,No
550,Kenya,2014,45831863,0.4816,No,No
551,Cambodia,2014,15210817,0.560617,No,No
552,Kiribati,2014,114985,0.716797,No,No
553,Kuwait,2014,3761584,1.594713,Yes,No
554,Lebanon,2014,6274342,2.163488,No,No
555,Libya,2014,6097764,2.566132,No,No
556,Sri Lanka,2014,21239457,0.663702,No,No
557,Lithuania,2014,2932367,0.597858,Yes,Yes
558,Latvia,2014,1993782,1.034203,No,No
559,Morocco,2014,34248603,1.612359,No,Yes
560,Madagascar,2014,24215976,0.493301,No,No
561,Mexico,2014,118755887,0.797294,Yes,No
562,Mali,2014,17551814,0.436461,No,No
563,Malta,2014,434558,0.872936,Yes,No
564,Montenegro,2014,621810,0.612233,No,No
565,Mozambique,2014,26038704,0.519685,No,No
566,Mauritania,2014,3843174,0.494312,No,No
567,Mauritius,2014,1261208,0.707881,No,No
568,Malawi,2014,16477966,0.502593,No,Yes
569,Namibia,2014,2243001,0.771059,No,No
570,Nigeria,2014,179379016,0.455038,No,No
571,Norway,2014,5137232,0.86048,Yes,Yes
572,Nepal,2014,27462106,0.495772,No,No
573,New Zealand,2014,4516500,2.03759,Yes,Yes
574,Oman,2014,4009267,1.693958,Yes,No
575,Pakistan,2014,208251628,0.673966,No,No
576,Panama,2014,3888793,0.718717,No,No
577,Peru,2014,30353951,0.58665,No,No
578,Philippines,2014,101325201,0.638873,Yes,No
579,Papua New Guinea,2014,8464153,0.729952,No,No
580,Poland,2014,38011735,0.801562,Yes,Yes
581,Portugal,2014,10401062,0.683347,Yes,Yes
582,Paraguay,2014,6090721,0.53252,No,No
583,Qatar,2014,2214465,1.985606,Yes,Yes
584,Romania,2014,19908979,0.453091,No,No
585,Rwanda,2014,11368451,0.592906,Yes,Yes
586,Saudi Arabia,2014,32125564,1.664926,Yes,Yes
587,Sudan,2014,37003245,1.381439,No,No
588,Senegal,2014,13970308,0.46998,No,No
589,Singapore,2014,5469724,0.910808,Yes,Yes
590,Solomon Islands,2014,597375,0.692297,No,No
591,Sierra Leone,2014,7140688,0.485009,No,No
592,Serbia,2014,7130576,0.450108,Yes,Yes
593,Suriname,2014,569682,0.689086,No,No
594,Slovenia,2014,2061980,0.910641,Yes,Yes
595,Sweden,2014,9696110,0.663567,Yes,Yes
596,Seychelles,2014,91359,0.78376,Yes,No
597,Chad,2014,13697126,0.446536,No,No
598,Togo,2014,7288383,0.474005,No,No
599,Thailand,2014,69960943,0.802973,No,Yes
600,Tajikistan,2014,8326348,0.464155,Yes,Yes
601,Trinidad and Tobago,2014,1450661,0.726932,Yes,Yes
602,Tunisia,2014,11428948,1.678639,No,No
603,Uganda,2014,36336539,0.536938,No,No
604,Ukraine,2014,45272155,0.689525,No,No
605,Uruguay,2014,3391662,0.942263,No,Yes
606,Uzbekistan,2014,30757700,0.475113,No,Yes
607,Vanuatu,2014,269927,0.683547,No,No
608,Zambia,2014,15737793,0.502691,No,No
609,Zimbabwe,2014,13855753,0.768914,No,No
610,Afghanistan,2015,33753499,2.543144,No,No
611,Albania,2015,2880703,0.513158,No,No
612,Andorra,2015,71746,0.905575,Yes,Yes
613,United Arab Emirates,2015,8916899,2.985105,Yes,Yes
614,Australia,2015,23815995,2.170634,Yes,Yes
615,Austria,2015,8642699,0.910998,Yes,Yes
616,Azerbaijan,2015,9649341,0.481362,No,No
617,Burundi,2015,10727148,0.496275,No,No
618,Belgium,2015,11274196,0.819489,Yes,Yes
619,Benin,2015,10932783,0.499514,No,No
620,Burkina Faso,2015,18718019,0.435489,No,No
621,Bangladesh,2015,157830000,0.508198,No,No
622,Bahrain,2015,1362142,1.715204,No,No
623,Bosnia and Herzegovina,2015,3524324,0.433851,Yes,Yes
624,Belize,2015,359871,0.83255,No,No
625,Brazil,2015,205188205,1.054041,Yes,Yes
626,Barbados,2015,278083,0.842039,No,No
627,Bhutan,2015,743274,0.530377,No,Yes
628,Botswana,2015,2305171,0.748598,No,No
629,Central African Republic,2015,4819333,0.513144,No,No
630,Canada,2015,35704498,2.22515,Yes,Yes
631,Switzerland,2015,8282396,1.00538,Yes,No
632,Chile,2015,17870124,1.23733,Yes,No
633,China,2015,1379860000,1.078275,Yes,Yes
634,Cote d'Ivoire,2015,23596741,0.503559,No,No
635,Colombia,2015,47119728,1.098011,No,No
636,Comoros,2015,730216,0.500299,No,No
637,Costa Rica,2015,4895242,0.771107,No,No
638,Cuba,2015,11339894,0.771342,Yes,Yes
639,Cyprus,2015,1187280,0.568759,Yes,Yes
640,Germany,2015,81686611,0.893847,Yes,Yes
641,Djibouti,2015,1006259,0.520697,No,No
642,Denmark,2015,5683483,0.877252,Yes,Yes
643,Dominican Republic,2015,10405832,0.6643,No,No
644,Algeria,2015,39543154,1.709814,No,No
645,Ecuador,2015,16195902,0.668551,No,No
646,Spain,2015,46444832,1.446569,Yes,Yes
647,Ethiopia,2015,102471895,0.492687,No,No
648,Finland,2015,5479531,0.926837,Yes,Yes
649,Fiji,2015,917200,0.753351,No,No
650,France,2015,66548272,1.204663,Yes,Yes
651,Gabon,2015,2028517,0.569826,No,No
652,Georgia,2015,3725276,0.483852,No,No
653,Ghana,2015,28870939,0.615468,No,No
654,Greece,2015,10820883,0.54563,Yes,Yes
655,Grenada,2015,118980,0.772301,No,No
656,Guyana,2015,755031,0.720859,Yes,Yes
657,Honduras,2015,9294505,0.696499,No,No
658,Croatia,2015,4203604,0.732889,Yes,Yes
659,Haiti,2015,10563757,0.632717,No,No
660,Hungary,2015,9843028,0.717386,Yes,No
661,Indonesia,2015,259091970,0.581601,No,No
662,India,2015,1322866505,0.517256,No,Yes
663,Ireland,2015,4701957,1.054477,Yes,Yes
664,Iraq,2015,37757813,1.656386,No,No
665,Iceland,2015,330815,0.703828,Yes,Yes
666,Israel,2015,8380100,0.703864,Yes,Yes
667,Italy,2015,60730582,1.219242,No,Yes
668,Jamaica,2015,2794445,0.950794,No,No
669,Jordan,2015,9494246,1.6017,Yes,No
670,Japan,2015,127141000,0.906163,Yes,No
671,Kazakhstan,2015,17542806,0.629521,Yes,No
672,Kenya,2015,46851488,0.483446,No,No
673,Cambodia,2015,15417523,0.564367,No,No
674,Kiribati,2015,116707,0.717381,No,No
675,Kuwait,2015,3908743,1.597621,Yes,No
676,Lebanon,2015,6398940,2.185748,No,No
677,Libya,2015,6192235,2.582395,No,No
678,Sri Lanka,2015,21336697,0.664022,No,No
679,Lithuania,2015,2904910,0.607837,Yes,Yes
680,Latvia,2015,1977527,1.038212,No,No
681,Morocco,2015,34680458,1.623631,No,Yes
682,Madagascar,2015,24850912,0.494041,No,No
683,Mexico,2015,120149897,0.804195,Yes,No
684,Mali,2015,18112907,0.439086,No,No
685,Malta,2015,445053,0.870169,Yes,No
686,Montenegro,2015,622159,0.608275,No,No
687,Mozambique,2015,26843246,0.522644,No,No
688,Mauritania,2015,3946220,0.49825,No,No
689,Mauritius,2015,1262879,0.708793,No,No
690,Malawi,2015,16938942,0.50462,No,Yes
691,Namibia,2015,2282704,0.773144,No,No
692,Nigeria,2015,183995785,0.457276,No,No
693,Norway,2015,5188607,0.849551,Yes,Yes
694,Nepal,2015,27610325,0.497888,No,No
695,New Zealand,2015,4609400,2.040377,Yes,Yes
696,Oman,2015,4191776,1.70443,Yes,No
697,Pakistan,2015,210969298,0.669101,No,No
698,Panama,2015,3957099,0.721562,No,No
699,Peru,2015,30711863,0.585101,No,No
700,Philippines,2015,103031365,0.641977,Yes,No
701,Papua New Guinea,2015,8682174,0.732033,No,No
702,Poland,2015,37986412,0.797481,Yes,Yes
703,Portugal,2015,10358076,0.690379,Yes,Yes
704,Paraguay,2015,6177950,0.531954,No,No
705,Qatar,2015,2414573,2.001989,Yes,Yes
706,Romania,2015,19815616,0.454763,No,No
707,Rwanda,2015,11642959,0.5883,Yes,Yes
708,Saudi Arabia,2015,32749848,1.682436,Yes,Yes
709,Sudan,2015,38171178,1.392091,No,No
710,Senegal,2015,14356181,0.47235,No,No
711,Singapore,2015,5535002,0.912167,Yes,Yes
712,Solomon Islands,2015,612660,0.695597,No,No
713,Sierra Leone,2015,7314773,0.488935,No,No
714,Serbia,2015,7095383,0.447539,Yes,Yes
715,Suriname,2015,575475,0.691755,No,No
716,Slovenia,2015,2063531,0.909888,Yes,Yes
717,Sweden,2015,9799186,0.683427,Yes,Yes
718,Seychelles,2015,93419,0.785783,Yes,No
719,Chad,2015,14140274,0.449877,No,No
720,Togo,2015,7473229,0.478484,No,No
721,Thailand,2015,70294397,0.81183,No,Yes
722,Tajikistan,2015,8524063,0.465956,Yes,Yes
723,Trinidad and Tobago,2015,1460177,0.7282,Yes,Yes
724,Tunisia,2015,11557779,1.689315,No,No
725,Uganda,2015,37477356,0.539442,No,No
726,Ukraine,2015,45167350,0.696882,No,No
727,Uruguay,2015,3402818,0.935037,No,Yes
728,Uzbekistan,2015,31298900,0.477995,No,Yes
729,Vanuatu,2015,276438,0.687397,No,No
730,Zambia,2015,16248230,0.505984,No,No
731,Zimbabwe,2015,14154937,0.771802,No,No
732,Afghanistan,2016,34636207,2.513553,No,No
733,Albania,2016,2876101,0.515036,No,No
734,Andorra,2016,72540,0.907981,Yes,Yes
735,United Arab Emirates,2016,8994263,2.951503,Yes,Yes
736,Australia,2016,24190907,2.237198,Yes,Yes
737,Austria,2016,8736668,0.907326,Yes,Yes
738,Azerbaijan,2016,9757812,0.484388,No,No
739,Burundi,2016,10903327,0.498925,No,No
740,Belgium,2016,11331422,0.821391,Yes,Yes
741,Benin,2016,11260085,0.502539,No,No
742,Burkina Faso,2016,19275498,0.439596,No,No
743,Bangladesh,2016,159784568,0.510254,No,No
744,Bahrain,2016,1409661,1.707047,No,No
745,Bosnia and Herzegovina,2016,3480986,0.433312,Yes,Yes
746,Belize,2016,367313,0.832937,No,No
747,Brazil,2016,206859578,1.05831,Yes,Yes
748,Barbados,2016,278649,0.841682,No,No
749,Bhutan,2016,749761,0.533551,No,Yes
750,Botswana,2016,2352416,0.750841,No,No
751,Central African Republic,2016,4904177,0.514695,No,No
752,Canada,2016,36110803,2.248352,Yes,Yes
753,Switzerland,2016,8373338,1.00519,Yes,No
754,Chile,2016,18083879,1.247607,Yes,No
755,China,2016,1387790000,1.094714,Yes,Yes
756,Cote d'Ivoire,2016,24213622,0.503819,No,No
757,Colombia,2016,47625955,1.087434,No,No
758,Comoros,2016,746232,0.502297,No,No
759,Costa Rica,2016,4945205,0.775519,No,No
760,Cuba,2016,11342012,0.774737,Yes,Yes
761,Cyprus,2016,1197881,0.574303,Yes,Yes
762,Germany,2016,82348669,0.8909,Yes,Yes
763,Djibouti,2016,1023261,0.524045,No,No
764,Denmark,2016,5728010,0.885161,Yes,Yes
765,Dominican Republic,2016,10527592,0.671648,No,No
766,Algeria,2016,40339329,1.714025,No,No
767,Ecuador,2016,16439585,0.669108,No,No
768,Spain,2016,46484062,1.456723,Yes,Yes
769,Ethiopia,2016,105293228,0.495595,No,No
770,Finland,2016,5495303,0.939321,Yes,Yes
771,Fiji,2016,918371,0.755823,No,No
772,France,2016,66724104,1.19465,Yes,Yes
773,Gabon,2016,2086206,0.570907,No,No
774,Georgia,2016,3727505,0.488798,No,No
775,Ghana,2016,29554303,0.620411,No,No
776,Greece,2016,10775971,0.549305,Yes,Yes
777,Grenada,2016,119966,0.773229,No,No
778,Guyana,2016,759087,0.726174,Yes,Yes
779,Honduras,2016,9460798,0.699991,No,No
780,Croatia,2016,4174349,0.723467,Yes,Yes
781,Haiti,2016,10713849,0.638273,No,No
782,Hungary,2016,9814023,0.708897,Yes,No
783,Indonesia,2016,261850182,0.585003,No,No
784,India,2016,1338636340,0.522072,No,Yes
785,Ireland,2016,4755335,1.053908,Yes,Yes
786,Iraq,2016,38697943,1.614594,No,No
787,Iceland,2016,335439,0.713351,Yes,Yes
788,Israel,2016,8546000,0.710449,Yes,Yes
789,Italy,2016,60627498,1.184988,No,Yes
790,Jamaica,2016,2802695,0.949323,No,No
791,Jordan,2016,9964656,1.61189,Yes,No
792,Japan,2016,127076000,0.911801,Yes,No
793,Kazakhstan,2016,17794055,0.617783,Yes,No
794,Kenya,2016,47894670,0.485365,No,No
795,Cambodia,2016,15624584,0.566947,No,No
796,Kiribati,2016,118513,0.719805,No,No
797,Kuwait,2016,4048085,1.597242,Yes,No
798,Lebanon,2016,6258619,2.206916,No,No
799,Libya,2016,6282196,2.597734,No,No
800,Sri Lanka,2016,21425494,0.664479,No,No
801,Lithuania,2016,2868231,0.618851,Yes,Yes
802,Latvia,2016,1959537,1.041067,No,No
803,Morocco,2016,35107264,1.632084,No,Yes
804,Madagascar,2016,25501941,0.495276,No,No
805,Mexico,2016,121519221,0.812158,Yes,No
806,Mali,2016,18700106,0.442756,No,No
807,Malta,2016,455356,0.868233,Yes,No
808,Montenegro,2016,622303,0.605848,No,No
809,Mozambique,2016,27696493,0.526056,No,No
810,Mauritania,2016,4051890,0.502163,No,No
811,Mauritius,2016,1263747,0.71095,No,No
812,Malawi,2016,17405624,0.506466,No,Yes
813,Namibia,2016,2323352,0.774925,No,No
814,Nigeria,2016,188666931,0.459159,No,No
815,Norway,2016,5234519,0.840068,Yes,Yes
816,Nepal,2016,27861186,0.500198,No,No
817,New Zealand,2016,4714100,2.04481,Yes,Yes
818,Oman,2016,4398070,1.727339,Yes,No
819,Pakistan,2016,213524840,0.662558,No,No
820,Panama,2016,4026336,0.724655,No,No
821,Peru,2016,31132779,0.582292,No,No
822,Philippines,2016,104875266,0.64547,Yes,No
823,Papua New Guinea,2016,8899169,0.735097,No,No
824,Poland,2016,37970087,0.793756,Yes,Yes
825,Portugal,2016,10325452,0.699273,Yes,Yes
826,Paraguay,2016,6266615,0.530195,No,No
827,Qatar,2016,2595166,2.016525,Yes,Yes
828,Romania,2016,19702267,0.455681,No,No
829,Rwanda,2016,11930899,0.58074,Yes,Yes
830,Saudi Arabia,2016,33416270,1.697876,Yes,Yes
831,Sudan,2016,39377169,1.402217,No,No
832,Senegal,2016,14751356,0.474385,No,No
833,Singapore,2016,5607283,0.913157,Yes,Yes
834,Solomon Islands,2016,628102,0.699009,No,No
835,Sierra Leone,2016,7493913,0.491967,No,No
836,Serbia,2016,7058322,0.444604,Yes,Yes
837,Suriname,2016,581453,0.69657,No,No
838,Slovenia,2016,2065042,0.907816,Yes,Yes
839,Sweden,2016,9923085,0.706037,Yes,Yes
840,Seychelles,2016,94677,0.787831,Yes,No
841,Chad,2016,14592585,0.45368,No,No
842,Togo,2016,7661354,0.483072,No,No
843,Thailand,2016,70607037,0.826159,No,Yes
844,Tajikistan,2016,8725318,0.468703,Yes,Yes
845,Trinidad and Tobago,2016,1469330,0.730056,Yes,Yes
846,Tunisia,2016,11685667,1.696946,No,No
847,Uganda,2016,38748299,0.541182,No,No
848,Ukraine,2016,45038236,0.704197,No,No
849,Uruguay,2016,3413766,0.927602,No,Yes
850,Uzbekistan,2016,31847900,0.478654,No,Yes
851,Vanuatu,2016,283218,0.693318,No,No
852,Zambia,2016,16767761,0.510889,No,No
853,Zimbabwe,2016,14452704,0.772275,No,No
854,Afghanistan,2017,35643418,2.473934,No,No
855,Albania,2017,2873457,0.517614,No,No
856,Andorra,2017,73837,0.910066,Yes,Yes
857,United Arab Emirates,2017,9068296,2.915549,Yes,Yes
858,Australia,2017,24592588,2.315142,Yes,Yes
859,Austria,2017,8797566,0.902117,Yes,Yes
860,Azerbaijan,2017,9854033,0.486328,No,No
861,Burundi,2017,11155593,0.500084,No,No
862,Belgium,2017,11375158,0.823451,Yes,Yes
863,Benin,2017,11596779,0.505541,No,No
864,Burkina Faso,2017,19835858,0.444063,No,No
865,Bangladesh,2017,161793964,0.5128,No,No
866,Bahrain,2017,1456834,1.695674,No,No
867,Bosnia and Herzegovina,2017,3440027,0.433416,Yes,Yes
868,Belize,2017,374693,0.836792,No,No
869,Brazil,2017,208504960,1.061681,Yes,Yes
870,Barbados,2017,279187,0.842955,No,No
871,Bhutan,2017,756121,0.534974,No,Yes
872,Botswana,2017,2401840,0.75275,No,No
873,Central African Republic,2017,4996741,0.516703,No,No
874,Canada,2017,36545075,2.276229,Yes,Yes
875,Switzerland,2017,8451840,1.006218,Yes,No
876,Chile,2017,18368577,1.25715,Yes,No
877,China,2017,1396215000,1.113943,Yes,Yes
878,Cote d'Ivoire,2017,24848016,0.503957,No,No
879,Colombia,2017,48351671,1.075526,No,No
880,Comoros,2017,761664,0.505443,No,No
881,Costa Rica,2017,4993842,0.778956,No,No
882,Cuba,2017,11336405,0.778,Yes,Yes
883,Cyprus,2017,1208523,0.580208,Yes,Yes
884,Germany,2017,82657002,0.883827,Yes,Yes
885,Djibouti,2017,1040233,0.52675,No,No
886,Denmark,2017,5764980,0.895411,Yes,Yes
887,Dominican Republic,2017,10647244,0.680033,No,No
888,Algeria,2017,41136546,1.717218,No,No
889,Ecuador,2017,16696944,0.668946,No,No
890,Spain,2017,46593236,1.468868,Yes,Yes
891,Ethiopia,2017,108197950,0.498949,No,No
892,Finland,2017,5508214,0.951914,Yes,Yes
893,Fiji,2017,919019,0.757352,No,No
894,France,2017,66918020,1.179268,Yes,Yes
895,Gabon,2017,2140215,0.571614,No,No
896,Georgia,2017,3728004,0.494333,No,No
897,Ghana,2017,30222262,0.625915,No,No
898,Greece,2017,10754679,0.552602,Yes,Yes
899,Grenada,2017,120921,0.774008,No,No
900,Guyana,2017,763252,0.732391,Yes,Yes
901,Honduras,2017,9626842,0.705705,No,No
902,Croatia,2017,4124531,0.713971,Yes,Yes
903,Haiti,2017,10863543,0.64397,No,No
904,Hungary,2017,9787966,0.699142,Yes,No
905,Indonesia,2017,264498852,0.588079,No,No
906,India,2017,1354195680,0.527411,No,Yes
907,Ireland,2017,4807388,1.053862,Yes,Yes
908,Iraq,2017,39621162,1.569569,No,No
909,Iceland,2017,343400,0.725036,Yes,Yes
910,Israel,2017,8713300,0.71822,Yes,Yes
911,Italy,2017,60536709,1.148015,No,Yes
912,Jamaica,2017,2808376,0.947371,No,No
913,Jordan,2017,10215381,1.620545,Yes,No
914,Japan,2017,126972000,0.918163,Yes,No
915,Kazakhstan,2017,18037776,0.605455,Yes,No
916,Kenya,2017,48948137,0.486994,No,No
917,Cambodia,2017,15830689,0.570337,No,No
918,Kiribati,2017,120362,0.720942,No,No
919,Kuwait,2017,4124904,1.594543,Yes,No
920,Lebanon,2017,6109252,2.227297,No,No
921,Libya,2017,6378261,2.607753,No,No
922,Sri Lanka,2017,21506813,0.665203,No,No
923,Lithuania,2017,2828403,0.631073,Yes,Yes
924,Latvia,2017,1942248,1.041688,No,No
925,Morocco,2017,35528115,1.636353,No,Yes
926,Madagascar,2017,26169542,0.496779,No,No
927,Mexico,2017,122839258,0.820863,Yes,No
928,Mali,2017,19311355,0.445888,No,No
929,Malta,2017,467999,0.864663,Yes,No
930,Montenegro,2017,622373,0.60265,No,No
931,Mozambique,2017,28569441,0.528699,No,No
932,Mauritania,2017,4160015,0.506015,No,No
933,Mauritius,2017,1264887,0.71079,No,No
934,Malawi,2017,17881167,0.509184,No,Yes
935,Namibia,2017,2364534,0.775731,No,No
936,Nigeria,2017,193495907,0.461802,No,No
937,Norway,2017,5276968,0.832286,Yes,Yes
938,Nepal,2017,28183426,0.501678,No,No
939,New Zealand,2017,4813600,2.049319,Yes,Yes
940,Oman,2017,4541854,1.734114,Yes,No
941,Pakistan,2017,216379655,0.656776,No,No
942,Panama,2017,4096063,0.727573,No,No
943,Peru,2017,31605486,0.578556,No,No
944,Philippines,2017,106738501,0.648898,Yes,No
945,Papua New Guinea,2017,9114796,0.738106,No,No
946,Poland,2017,37974826,0.790932,Yes,Yes
947,Portugal,2017,10300300,0.709413,Yes,Yes
948,Paraguay,2017,6355404,0.527618,No,No
949,Qatar,2017,2711755,2.024984,Yes,Yes
950,Romania,2017,19588715,0.458056,No,No
951,Rwanda,2017,12230339,0.570294,Yes,Yes
952,Saudi Arabia,2017,34193122,1.710318,Yes,Yes
953,Sudan,2017,40679828,1.408446,No,No
954,Senegal,2017,15157793,0.478695,No,No
955,Singapore,2017,5612253,0.914669,Yes,Yes
956,Solomon Islands,2017,643634,0.703739,No,No
957,Sierra Leone,2017,7677565,0.496263,No,No
958,Serbia,2017,7020858,0.441905,Yes,Yes
959,Suriname,2017,587559,0.701883,No,No
960,Slovenia,2017,2066388,0.906052,Yes,Yes
961,Sweden,2017,10057698,0.729285,Yes,Yes
962,Seychelles,2017,95843,0.790406,Yes,No
963,Chad,2017,15085884,0.4574,No,No
964,Togo,2017,7852795,0.488984,No,No
965,Thailand,2017,70898202,0.846268,No,Yes
966,Tajikistan,2017,8925525,0.470767,Yes,Yes
967,Trinidad and Tobago,2017,1478607,0.731199,Yes,Yes
968,Tunisia,2017,11811443,1.70385,No,No
969,Uganda,2017,40127085,0.542832,No,No
970,Ukraine,2017,44880758,0.711814,No,No
971,Uruguay,2017,3422200,0.918533,No,Yes
972,Uzbekistan,2017,32388600,0.48122,No,Yes
973,Vanuatu,2017,290239,0.698906,No,No
974,Zambia,2017,17298054,0.515972,No,No
975,Zimbabwe,2017,14751101,0.772648,No,No
